Device,"ZWN3020 In-Wall Paddle Dimmer, 800S",,,,,,,,,
,,,,,,,,,,
Parameter Number,Parameter Size,Parameter Name,Parameter Description,Parameter Value,Value Description,Advanced Menu Mode Method,Choose Parameter,Adjust Parameter Setting,Save Parameter Setting,Further Explanation
3,1,LED Light Mode,Set the LED Light Mode,0 (Default),"LED is ON when load is OFF, LED is OFF when load is ON",Press and hold the menu button for 5 seconds,"Press the top of the paddle 3 times, then the bottom once, to begin cycling between options.","=> The LED indicator will begin to flash blue: | Press the top of the paddle once for ""LED is ON when load is OFF, LED is OFF when load is ON"", the LED indicator will light up in orange color. | Press the top of the paddle 2 times for ""LED is ON when load is ON, LED is OFF when load is OFF"", the LED indicator will light up in yellow color. | Press the top of the paddle 3 times for ""LED always OFF"", the LED indicator will light up in pink color. | Press the top of the paddle 4 times for ""LED always ON"", the LED indicator will light up in purple color.","Press the Menu button once to save. The LED flashes green twice to confirm and the menu exits. If there is no paddle press for 10 seconds, the setting is not saved, the LED flashes red twice, and the menu exits.","Controls when the LED indicator at the bottom of the paddle lights up: when the load is off, when it is on, never, or always. The default (0) works as a guidelight, glowing while the load is off."
,,,,1,"LED is ON when load is ON, LED is OFF when load is OFF",,,,,
,,,,2,LED always OFF,,,,,
,,,,3,LED always ON,,,,,
4,1,Invert Switch,Reverse the default ON/OFF Paddle Switch setting,0 (Default),Default Paddle Switch orientation,N/A,N/A,N/A,N/A,Flips the paddle so the top turns the load off and the bottom turns it on. Use this if the dimmer was installed upside down. Menu button sequences that reference the top and bottom of the paddle also swap after this is enabled.
,,,,1,Invert (upside down) the Paddle Switch orientation,,,,,
5,1,Select 3-Way Type,Configure whether a standard 3-Way Switch or an Add-On Switch is being used,0 (Default),Add-On Switch,N/A,N/A,"Pull the air gap switch. Press and hold the top of the paddle, push the air gap switch in, and continue holding the top of the paddle for 5 seconds to cycle between the two options. The LED indicator will flash yellow three times to confirm Standard 3-Way is selected. The LED indicator will flash blue three times to confirm Add-On Switch is selected.",N/A,Sets which kind of auxiliary switch is used in a 3-way setup. The default (0) is for a Jasco-branded add-on switch. Set to 1 (Standard 3-Way Switch) to use any standard mechanical switch as the controller instead.
,,,,1,Standard 3-Way Switch,,,,,
16,1,Switch Mode,Set whether the dimmer works as a dimmer or as an on/off switch,0 (Default),Disable (Dim Mode),Press and hold the menu button for 5 seconds,"Press the top of the paddle 5 times, then the bottom once, to switch to the opposite option.",N/A,"The LED flashes green twice to confirm and the menu exits. If there is no paddle press for 10 seconds, the setting is not saved, the LED flashes red twice, and the menu exits.","With Switch Mode enabled, the light is either fully off or fully on: pressing and holding the paddle does not dim or brighten, and any dim level set from your hub is treated as full brightness, with instant on/off and no ramping. Full brightness follows the Maximum Brightness Threshold (parameter 31). Running this parameter's menu sequence switches the dimmer to the opposite mode each time."
,,,,1,Enable (Switch Mode),,,,,
19,1,Alternate Exclusion,Alternative way to perform Exclusion,0 (Default),Press either paddle once,N/A,N/A,N/A,N/A,"Changes how you remove (exclude) the dimmer from your Z-Wave network. By default, a single press of either paddle starts exclusion. Set to 1 to use the Menu button instead."
,,,,1,Press the Menu button once,,,,,
30,1,Minimum Dim Threshold,Set the lowest brightness level the dimmer will go to,1 (Default),1-99,Press and hold the menu button for 5 seconds,"Press the top of the paddle 6 times, then the bottom once, to begin cycling between options.",=> The connected light will turn to the lowest current set level and the LED indicator will flash yellow | Press and hold the top or bottom of the paddle to set the minimum dim level. | => Pressing on the top of the paddle once will increase one level. E.g.: current level 23 -> new level 24 | => Pressing and holding the top of the paddle will increase the level continuously with 500ms interval between level-to-level | => Pressing on the bottom of the paddle once will decrease one level. E.g.: current level 24 -> new level 23 | => Pressing and holding the bottom of the paddle will decrease the level continuously with 500ms interval between level-to-level,"Press the Menu button once to save. The LED flashes green twice to confirm and the menu exits. If there is no paddle press for 10 seconds, the setting is not saved, the LED flashes red twice, and the menu exits.",Sets the lowest brightness the dimmer will go to. Raise it if your LED bulbs flicker at low levels. Levels run from 1 to 99; the default is 1.
31,1,Maximum Brightness Threshold,Set the highest brightness level the dimmer will go to,99 (Default),1-99,Press and hold the menu button for 5 seconds,"Press the top of the paddle 7 times, then the bottom once, to begin cycling between options.",=> The connected light will turn to the highest current set level and the LED indicator will flash purple | Press and hold the top or bottom of the paddle to set the maximum brightness level. | => Pressing on the top of the paddle once will increase one level. E.g.: current level 83 -> new level 84 | => Pressing and holding the top of the paddle will increase the level continuously with 500ms interval between level-to-level | => Pressing on the bottom of the paddle once will decrease one level. E.g.: current level 84 -> new level 83 | => Pressing and holding the bottom of the paddle will decrease the level continuously with 500ms interval between level-to-level,"Press the Menu button once to save. The LED flashes green twice to confirm and the menu exits. If there is no paddle press for 10 seconds, the setting is not saved, the LED flashes red twice, and the menu exits.",Sets the highest brightness the dimmer will reach. Lower it if your LED bulbs flicker at high levels. Levels run from 1 to 99; the default is 99.
32,1,Brightness Level,Set the brightness level the dimmer turns on to,0 (Default),Normal behavior to return to last known brightness level,N/A,N/A,N/A,N/A,"Sets the brightness the dimmer turns on to when you switch it on at the paddle. Leave at 0 to return to the last brightness level, or choose 1 to 99 for a fixed level every time."
,,,,1-99,Dimmer will always turn ON to this level when being turned ON manually,,,,,
34,1,LED Light Color,Set the LED Light Color,1,Red,Press and hold the menu button for 5 seconds,"Press the top of the paddle once, then the bottom once, to begin cycling between options.","=> The LED indicator will turn to the current set color: | Press the top and bottom of the paddle to cycle between options. (the top moves forward through the options, the bottom moves back)","Press the Menu button once to save. The LED flashes green twice to confirm and the menu exits. If there is no paddle press for 10 seconds, the setting is not saved, the LED flashes red twice, and the menu exits.","Sets the color of the LED indicator. Choose from red, orange, yellow, green, blue (default), pink, purple, or white."
,,,,2,Orange,,,,,
,,,,3,Yellow,,,,,
,,,,4,Green,,,,,
,,,,5 (Default),Blue,,,,,
,,,,6,Pink,,,,,
,,,,7,Purple,,,,,
,,,,8,White,,,,,
35,1,LED Light Intensity,Set the LED Light Intensity (applies when LED Light Mode is set to 1 or 3),4 (Default),1 (lowest) to 7 (highest),Press and hold the menu button for 5 seconds,"Press the top of the paddle 2 times, then the bottom once, to begin cycling between options.","=> The LED indicator will turn to the current set intensity: | Press the top and bottom of the paddle to cycle between options. (the top makes it brighter, the bottom makes it dimmer) | The LED indicator color matches Parameter 34.","Press the Menu button once to save. The LED flashes green twice to confirm and the menu exits. If there is no paddle press for 10 seconds, the setting is not saved, the LED flashes red twice, and the menu exits.",Sets how bright the LED indicator is. Levels run from 1 (dimmest) to 7 (brightest); the default is 4.
36,1,Guidelight Mode Intensity,Set the Guidelight Mode Intensity (applies when LED Light Mode is set to 0),4 (Default),1 (lowest) to 7 (highest),Press and hold the menu button for 5 seconds,"Press the top of the paddle 4 times, then the bottom once, to begin cycling between options.","=> The LED indicator will turn to the current set intensity: | Press the top and bottom of the paddle to cycle between options. (the top makes it brighter, the bottom makes it dimmer) | The LED indicator color matches Parameter 34.","Press the Menu button once to save. The LED flashes green twice to confirm and the menu exits. If there is no paddle press for 10 seconds, the setting is not saved, the LED flashes red twice, and the menu exits.",Sets how bright the guidelight is (the LED glow while the load is off). Levels run from 1 (dimmest) to 7 (brightest); the default is 4.
84,1,Reset to Factory Defaults,Reset Dimmer to Factory Defaults,0 (Default),No reset (normal operation),N/A,N/A,N/A,N/A,"Resets the dimmer to factory settings when set to 1, without touching the dimmer itself. All custom settings are lost. The parameter then returns to 0 on its own, and the dimmer works normally afterward."
,,,,1,Reset to factory defaults,,,,,
