Device,"ZWN3109 Plug-in 2-Outlet Dimmer, 1 Controlled, 800S",,,,,,,,,
,,,,,,,,,,
Parameter Number,Parameter Size,Parameter Name,Parameter Description,Parameter Value,Value Description,Advanced Menu Mode Method,Choose Parameter,Adjust Parameter Setting,Save Parameter Setting,Further Explanation
3,1,LED Light Mode,Set when the LED indicator lights up,0,"LED is ON when load is OFF, LED is OFF when load is ON",N/A,N/A,Quickly press the ON/OFF button 10 times to move to the next option.,N/A,Controls when the LED indicator lights up.
,,,,1 (Default),"LED is ON when load is ON, LED is OFF when load is OFF",,,,,
,,,,2,LED always OFF,,,,,
,,,,3,LED always ON,,,,,
16,1,Switch Mode,Set whether the dimmer works as a dimmer or as an on/off switch,0 (Default),Disable (Dim Mode),N/A,N/A,N/A,N/A,"With Switch Mode enabled, the light is either fully off or fully on: pressing and holding the button does not dim or brighten, and any dim level set from your hub is treated as full brightness, with instant on/off and no ramping. Full brightness follows the Maximum Brightness Threshold (parameter 31)."
,,,,1,Enable (Switch Mode),,,,,
30,1,Minimum Dim Threshold,Set the lowest brightness level the dimmer will go to,1 (Default),1-99,N/A,N/A,N/A,N/A,Sets the lowest brightness the dimmer will go to. Raise it if your LED bulbs flicker at low levels.
31,1,Maximum Brightness Threshold,Set the highest brightness level the dimmer will go to,99 (Default),1-99,N/A,N/A,N/A,N/A,Sets the highest brightness the dimmer will reach. Lower it if your LED bulbs flicker at high levels.
32,1,Brightness Level,Set the brightness level the dimmer turns on to,0 (Default),Return to the last brightness level,N/A,N/A,N/A,N/A,Sets the brightness the dimmer turns on to when you switch it on at the button.
,,,,1-99,Always turn ON to this level when turned ON manually,,,,,
39,1,Restore Status After Power Failure,Set the action taken after a power failure,0 (Default),Last State,N/A,N/A,N/A,N/A,Sets what the controlled outlet does when power comes back after an outage.
,,,,1,ON,,,,,
,,,,2,OFF,,,,,
41,1,LED Light Intensity,Set how bright the LED indicator is,0 (Default),Low,N/A,N/A,N/A,N/A,Sets how bright the LED indicator is.
,,,,1,Medium,,,,,
,,,,2,High,,,,,
84,1,Reset to Factory Defaults,Reset Dimmer to Factory Defaults,0 (Default),No reset (normal operation),N/A,N/A,N/A,N/A,"Resets the dimmer to factory settings when set to 1. All custom settings are lost. The parameter then returns to 0 on its own, and the dimmer works normally afterward."
,,,,1,Reset to factory defaults,,,,,
