Device,"ZWN6310 Water Leak Sensor, 800S",,,,,,,,,
,,,,,,,,,,
Parameter Number,Parameter Size,Parameter Name,Parameter Description,Parameter Value,Value Description,Advanced Menu Mode Method,Choose Parameter,Adjust Parameter Setting,Save Parameter Setting,Further Explanation
3,1,LED Light Mode,Set when the LED indicator lights up,0,LED always OFF,N/A,N/A,Quickly press the programming button 10 times to move to the next option.,"Changes sent from your hub are queued until the sensor next wakes up. To apply them right away, press the programming button 3 times to wake it.",Controls when the LED indicator lights up.
,,,,1 (Default),LED turns ON when wet,,,,,
,,,,2,LED turns ON when dry,,,,,
41,1,LED Light Intensity,Set how bright the LED indicator is,0 (Default),Low,N/A,N/A,N/A,"Changes sent from your hub are queued until the sensor next wakes up. To apply them right away, press the programming button 3 times to wake it.",Sets how bright the LED indicator is.
,,,,1,Medium,,,,,
,,,,2,High,,,,,
84,1,Reset to Factory Defaults,Reset Sensor to Factory Defaults,0 (Default),No reset (normal operation),N/A,N/A,N/A,"Changes sent from your hub are queued until the sensor next wakes up. To apply them right away, press the programming button 3 times to wake it.","Resets the sensor to factory settings when set to 1. All custom settings are lost. The parameter then returns to 0 on its own, and the sensor works normally afterward."
,,,,1,Reset to factory defaults,,,,,
85,1,Alarm Sound,Set when the alarm sounds,0,Alarm always OFF,N/A,N/A,N/A,"Changes sent from your hub are queued until the sensor next wakes up. To apply them right away, press the programming button 3 times to wake it.","Controls when the alarm sounds, based on whether the sensor is wet or dry."
,,,,1 (Default),Alarm turns ON when wet,,,,,
,,,,2,Alarm turns ON when dry,,,,,
86,1,Low Battery Report,Set the battery level at which a low battery report is sent,10 (Default),5%-20%,N/A,N/A,N/A,"Changes sent from your hub are queued until the sensor next wakes up. To apply them right away, press the programming button 3 times to wake it.",Sets the battery percentage at which the sensor sends a low battery report to your hub.
87,1,Low Battery Chirp,Set whether the sensor chirps when the battery is low,0,Low battery chirp OFF,N/A,N/A,N/A,"Changes sent from your hub are queued until the sensor next wakes up. To apply them right away, press the programming button 3 times to wake it.","While on, the sensor chirps at the interval set by Low Battery Chirp Interval (parameter 88) to warn you that the battery is low."
,,,,1 (Default),Low battery chirp ON,,,,,
88,1,Low Battery Chirp Interval,Set the number of minutes between low battery chirps (applies when Low Battery Chirp is on),1 (Default),1-10 minutes,N/A,N/A,N/A,"Changes sent from your hub are queued until the sensor next wakes up. To apply them right away, press the programming button 3 times to wake it.",Sets how many minutes pass between low battery chirps.
89,1,Status Reporting,Set when the sensor sends status reports,0 (Default),Send status reports only when status changes (wet to dry or dry to wet),N/A,N/A,N/A,"Changes sent from your hub are queued until the sensor next wakes up. To apply them right away, press the programming button 3 times to wake it.",Sets when the sensor reports its status to your hub.
,,,,1-24,Send a status report after this number of hours,,,,,
,,,,25,Send regular status reports on wake up,,,,,
