Device,"ZWA4013 In-Wall Fan Speed Control, 700S",,,,,,,,,
,,,,,,,,,,
Parameter Number,Parameter Size,Parameter Name,Parameter Description,Parameter Value,Value Description,Advanced Menu Mode Method,Choose Parameter,Adjust Parameter Setting,Save Parameter Setting,Further Explanation
3,1,LED Light Mode,Set when the LED indicator lights up,0 (Default),"LED is ON when load is OFF, LED is OFF when load is ON",Press and hold the menu button for 5 seconds.,"Press the top of the paddle 3 times, then the bottom once, to begin cycling between options.","The LED indicator will begin to flash blue. | Press the top of the paddle once for ""LED is ON when load is OFF, LED is OFF when load is ON"". The LED indicator will light up in orange color. | Press the top of the paddle 2 times for ""LED is ON when load is ON, LED is OFF when load is OFF"". The LED indicator will light up in yellow color. | Press the top of the paddle 3 times for ""LED always OFF"". The LED indicator will light up in pink color. | Press the top of the paddle 4 times for ""LED always ON"". The LED indicator will light up in purple color.","Press the Menu button once to save. The LED flashes green twice to confirm and the menu exits. If there is no paddle press for 10 seconds, the setting is not saved, the LED flashes red twice, and the menu exits.","Controls when the LED indicator at the bottom of the paddle lights up. The default works as a guidelight, glowing while the load is off."
,,,,1,"LED is ON when load is ON, LED is OFF when load is OFF",,,,,
,,,,2,LED always OFF,,,,,
,,,,3,LED always ON,,,,,
4,1,Invert Switch,Reverse the default ON/OFF Paddle Switch setting,0 (Default),Default Paddle Switch orientation,N/A,N/A,N/A,N/A,Flips the paddle so the top and bottom swap roles. Use this if the fan control was installed upside down. Menu button sequences that reference the top and bottom of the paddle also swap after this is enabled.
,,,,1,Invert (upside down) the Paddle Switch orientation,,,,,
5,1,Select 3-Way Type,Configure whether a standard 3-Way Switch or an Add-On Switch is being used,0 (Default),Add-On Switch,N/A,N/A,"Pull the air gap switch. Press and hold the top of the paddle, push the air gap switch in, and continue holding the top of the paddle for 5 seconds to switch to the opposite option. The LED indicator will flash yellow three times to confirm Standard 3-Way Switch is selected. The LED indicator will flash blue three times to confirm Add-On Switch is selected.",N/A,"Sets which kind of auxiliary switch is used in a 3-way setup: a Jasco-branded add-on switch, or any standard mechanical switch."
,,,,1,Standard 3-Way Switch,,,,,
19,1,Alternate Exclusion,Set an alternative way to perform Exclusion,0 (Default),Press either paddle once,N/A,N/A,N/A,N/A,Changes how you remove (exclude) the fan control from your Z-Wave network.
,,,,1,Press the Menu button once,,,,,
34,1,LED Light Color,Set the color of the LED indicator,1,Red,Press and hold the menu button for 5 seconds.,"Press the top of the paddle once, then the bottom once, to begin cycling between options.","The LED indicator will turn to the current set color. Press the top and bottom of the paddle to cycle between options (the top moves forward through the options, the bottom moves back).","Press the Menu button once to save. The LED flashes green twice to confirm and the menu exits. If there is no paddle press for 10 seconds, the setting is not saved, the LED flashes red twice, and the menu exits.",Sets the color of the LED indicator.
,,,,2,Orange,,,,,
,,,,3,Yellow,,,,,
,,,,4,Green,,,,,
,,,,5 (Default),Blue,,,,,
,,,,6,Pink,,,,,
,,,,7,Purple,,,,,
,,,,8,White,,,,,
35,1,LED Light Intensity,Set the LED Light Intensity (applies when LED Light Mode is set to 1 or 3),4 (Default),1 (lowest) to 7 (highest),Press and hold the menu button for 5 seconds.,"Press the top of the paddle 2 times, then the bottom once, to begin cycling between options.","The LED indicator will turn to the current set intensity. Press the top and bottom of the paddle to cycle between options (the top makes it brighter, the bottom makes it dimmer).","Press the Menu button once to save. The LED flashes green twice to confirm and the menu exits. If there is no paddle press for 10 seconds, the setting is not saved, the LED flashes red twice, and the menu exits.",Sets how bright the LED indicator is.
36,1,Guidelight Mode Intensity,Set the Guidelight Mode Intensity (applies when LED Light Mode is set to 0),4 (Default),1 (lowest) to 7 (highest),Press and hold the menu button for 5 seconds.,"Press the top of the paddle 4 times, then the bottom once, to begin cycling between options.","The LED indicator will turn to the current set intensity. Press the top and bottom of the paddle to cycle between options (the top makes it brighter, the bottom makes it dimmer).","Press the Menu button once to save. The LED flashes green twice to confirm and the menu exits. If there is no paddle press for 10 seconds, the setting is not saved, the LED flashes red twice, and the menu exits.",Sets how bright the guidelight is (the LED glow while the load is off).
39,1,Restore Status After Power Failure,Set the action taken after a power failure,0 (Default),OFF,N/A,N/A,N/A,N/A,Sets what the fan does when power comes back after an outage.
,,,,1,Last State,,,,,
40,1,Fan Speed Adjustment Style,Set how the fan speed is adjusted when you use the paddle,0 (Default),Press and hold to ramp the fan speed up or down,Press and hold the menu button for 5 seconds.,"Press the top of the paddle 5 times, then the bottom once, to switch to the opposite option.",N/A,The LED flashes green twice to confirm and the menu exits.,Sets how the fan speed is adjusted when you use the paddle. The fan still accepts any speed level from your hub.
,,,,1,"Press and release to step through fan speeds (off, low, medium, medium-high, high)",,,,,
84,1,Reset to Factory Defaults,Reset Fan Control to Factory Defaults,0 (Default),No reset (normal operation),N/A,N/A,N/A,N/A,"Resets the fan control to factory settings when set to 1. All custom settings are lost. The parameter then returns to 0 on its own, and the fan control works normally afterward."
,,,,1,Reset to factory defaults,,,,,
