Device,"ZWA3017 In-Wall Toggle Dimmer, 700S",,,,,,,,,
,,,,,,,,,,
Parameter Number,Parameter Size,Parameter Name,Parameter Description,Parameter Value,Value Description,Advanced Menu Mode Method,Choose Parameter,Adjust Parameter Setting,Save Parameter Setting,Further Explanation
3,1,LED Light Mode,Set when the LED indicator lights up,0,"LED is ON when load is OFF, LED is OFF when load is ON",Press and hold the menu button for 5 seconds.,"Press the top of the toggle 3 times, then the bottom once, to begin cycling between options.","The LED indicator will begin to flash blue. | Press the top of the toggle once for ""LED is ON when load is OFF, LED is OFF when load is ON"". The LED indicator will light up in orange color. | Press the top of the toggle 2 times for ""LED is ON when load is ON, LED is OFF when load is OFF"". The LED indicator will light up in yellow color. | Press the top of the toggle 3 times for ""LED always OFF"". The LED indicator will light up in pink color. | Press the top of the toggle 4 times for ""LED always ON"". The LED indicator will light up in purple color.","Press the Menu button once to save. The LED flashes green twice to confirm and the menu exits. If there is no toggle press for 10 seconds, the setting is not saved, the LED flashes red twice, and the menu exits.",Controls when the LED indicator behind the toggle lights up.
,,,,1,"LED is ON when load is ON, LED is OFF when load is OFF",,,,,
,,,,2 (Default),LED always OFF,,,,,
,,,,3,LED always ON,,,,,
4,1,Invert Switch,Reverse the default ON/OFF Toggle Switch setting,0 (Default),Default Toggle Switch orientation,N/A,N/A,N/A,N/A,Flips the toggle so the top turns the load off and the bottom turns it on. Use this if the dimmer was installed upside down. Menu button sequences that reference the top and bottom of the toggle also swap after this is enabled.
,,,,1,Invert (upside down) the Toggle Switch orientation,,,,,
5,1,Select 3-Way Type,Configure whether a standard 3-Way Switch or an Add-On Switch is being used,0 (Default),Add-On Switch,N/A,N/A,"Pull the air gap switch. Press and hold the top of the toggle, push the air gap switch in, and continue holding the top of the toggle for 5 seconds to switch to the opposite option. The LED indicator will flash yellow three times to confirm Standard 3-Way Switch is selected. The LED indicator will flash blue three times to confirm Add-On Switch is selected.",N/A,"Sets which kind of auxiliary switch is used in a 3-way setup: a Jasco-branded add-on switch, or any standard mechanical switch."
,,,,1,Standard 3-Way Switch,,,,,
16,1,Switch Mode,Set whether the dimmer works as a dimmer or as an on/off switch,0 (Default),Disable (Dim Mode),Press and hold the menu button for 5 seconds.,"Press the top of the toggle 5 times, then the bottom once, to switch to the opposite option.",N/A,The LED flashes green twice to confirm and the menu exits.,"With Switch Mode enabled, the light is either fully off or fully on: pushing and holding the toggle does not dim or brighten, and any dim level set from your hub is treated as full brightness, with instant on/off and no ramping. Full brightness follows the Maximum Brightness Threshold (parameter 31). Running this parameter's menu sequence switches the dimmer to the opposite mode each time."
,,,,1,Enable (Switch Mode),,,,,
19,1,Alternate Exclusion,Set an alternative way to perform Exclusion,0 (Default),Push the toggle up or down once,N/A,N/A,N/A,N/A,Changes how you remove (exclude) the dimmer from your Z-Wave network.
,,,,1,Press the Menu button once,,,,,
30,1,Minimum Dim Threshold,Set the lowest brightness level the dimmer will go to,1 (Default),1-99,Press and hold the menu button for 5 seconds.,"Press the top of the toggle 6 times, then the bottom once, to begin cycling between options.",The connected light will turn to the lowest current set level and the LED indicator will flash yellow. Use the top and bottom of the toggle to set the minimum dim level.,"Press the Menu button once to save. The LED flashes green twice to confirm and the menu exits. If there is no toggle press for 10 seconds, the setting is not saved, the LED flashes red twice, and the menu exits.",Sets the lowest brightness the dimmer will go to. Raise it if your LED bulbs flicker at low levels.
31,1,Maximum Brightness Threshold,Set the highest brightness level the dimmer will go to,99 (Default),1-99,Press and hold the menu button for 5 seconds.,"Press the top of the toggle 7 times, then the bottom once, to begin cycling between options.",The connected light will turn to the highest current set level and the LED indicator will flash purple. Use the top and bottom of the toggle to set the maximum brightness level.,"Press the Menu button once to save. The LED flashes green twice to confirm and the menu exits. If there is no toggle press for 10 seconds, the setting is not saved, the LED flashes red twice, and the menu exits.",Sets the highest brightness the dimmer will reach. Lower it if your LED bulbs flicker at high levels.
32,1,Brightness Level,Set the brightness level the dimmer turns on to,0 (Default),Return to the last brightness level,N/A,N/A,N/A,N/A,Sets the brightness the dimmer turns on to when you switch it on at the toggle.
,,,,1-99,Always turn ON to this level when turned ON manually,,,,,
34,1,LED Light Color,Set the color of the LED indicator,1,Red,Press and hold the menu button for 5 seconds.,"Press the top of the toggle once, then the bottom once, to begin cycling between options.","The LED indicator will turn to the current set color. Press the top and bottom of the toggle to cycle between options (the top moves forward through the options, the bottom moves back).","Press the Menu button once to save. The LED flashes green twice to confirm and the menu exits. If there is no toggle press for 10 seconds, the setting is not saved, the LED flashes red twice, and the menu exits.",Sets the color of the LED indicator.
,,,,2,Orange,,,,,
,,,,3,Yellow,,,,,
,,,,4,Green,,,,,
,,,,5 (Default),Blue,,,,,
,,,,6,Pink,,,,,
,,,,7,Purple,,,,,
,,,,8,White,,,,,
35,1,LED Light Intensity,Set the LED Light Intensity (applies when LED Light Mode is set to 1 or 3),4 (Default),1 (lowest) to 7 (highest),Press and hold the menu button for 5 seconds.,"Press the top of the toggle 2 times, then the bottom once, to begin cycling between options.","The LED indicator will turn to the current set intensity. Press the top and bottom of the toggle to cycle between options (the top makes it brighter, the bottom makes it dimmer).","Press the Menu button once to save. The LED flashes green twice to confirm and the menu exits. If there is no toggle press for 10 seconds, the setting is not saved, the LED flashes red twice, and the menu exits.",Sets how bright the LED indicator is.
36,1,Guidelight Mode Intensity,Set the Guidelight Mode Intensity (applies when LED Light Mode is set to 0),4 (Default),1 (lowest) to 7 (highest),Press and hold the menu button for 5 seconds.,"Press the top of the toggle 4 times, then the bottom once, to begin cycling between options.","The LED indicator will turn to the current set intensity. Press the top and bottom of the toggle to cycle between options (the top makes it brighter, the bottom makes it dimmer).","Press the Menu button once to save. The LED flashes green twice to confirm and the menu exits. If there is no toggle press for 10 seconds, the setting is not saved, the LED flashes red twice, and the menu exits.",Sets how bright the guidelight is (the LED glow while the load is off).
84,1,Reset to Factory Defaults,Reset Dimmer to Factory Defaults,0 (Default),No reset (normal operation),N/A,N/A,N/A,N/A,"Resets the dimmer to factory settings when set to 1. All custom settings are lost. The parameter then returns to 0 on its own, and the dimmer works normally afterward."
,,,,1,Reset to factory defaults,,,,,
